,Stock1,Stock2,Correlation,Cointegration
1355,NATCAPSUQ.BO,TITANBIO.BO,0.8005715123917843,0.025055928888606294
679,CORALAB.BO,KOPRAN.BO,0.8008089118935416,0.02784684854571551
1534,SYNCOM.BO,SYSCHEM.BO,0.8010888878971715,0.0395774090451933
969,HESTERBIO.NS,PANACEABIO.BO,0.8013959710240905,0.03193513692608881
526,CADILAHC.BO,SMSPHARMA.BO,0.8014736590854868,0.0019780179085940163
351,BIBCL.BO,CHEMOPH.BO,0.8017347439114078,5.6476110430601044e-05
925,GUJTHEM.BO,KOPRAN.BO,0.8022192087086453,0.04541764356397334
1354,NATCAPSUQ.BO,SYSCHEM.BO,0.8025857568603757,0.0020441020132140643
676,CORALAB.BO,ISHITADR.BO,0.8026966895782983,0.023268184360115404
1547,SYNCOMF.BO,SYSCHEM.BO,0.8032136471046369,0.0009968888292811338
902,GUJTERC.BO,PANCHSHEEL.BO,0.8036431960015252,0.009230979937258936
317,BAJAJHCARE.BO,SGRL.BO,0.8038689737921371,0.011593843412820227
1181,LASA.NS,UNJHAFOR.BO,0.8042751131830811,0.0198154786604531
354,BIBCL.BO,DCAL.NS,0.8044137404052489,0.002921966514791777
1364,NATCOPHARM.NS,SPARC.BO,0.8044145601914421,0.040565703189638085
1025,ISHITADR.BO,NATCAPSUQ.BO,0.8044233383276611,0.04017740496418901
484,BRAWN.BO,SOURCENTRL.BO,0.8046732153700522,0.014542348537341532
1138,LACTOSE.BO,SOURCENTRL.BO,0.8051613406273372,0.030868257884319353
1267,MARKSANS.BO,NATCAPSUQ.BO,0.8053986302766735,0.027360694947750615
525,CADILAHC.BO,NECLIFE.NS,0.8055033528930416,0.01266296039251852
263,BACPHAR.BO,NATCAPSUQ.BO,0.805520797928962,9.424774437051967e-06
1328,MOREPENLAB.BO,NATCAPSUQ.BO,0.8061343884714548,0.01693330153263084
829,GENNEX.BO,LYKALABS.BO,0.8062982970759416,0.020257974957856355
657,COLINZ.BO,SYSCHEM.BO,0.8069390249054389,0.01585163352412862
331,BALPHARMA.NS,CADILAHC.BO,0.807094478816994,0.000455231463124584
1,AARTIDRUGS.NS,BDH.BO,0.8076025553381976,4.876077744618568e-05
325,BALAXI.NS,SMRUTHIORG.BO,0.8078005454514376,0.047538009565532995
499,BRAWN.BO,VIVANZA.BO,0.8079088464838371,0.048124261719865245
863,GODAVARI.BO,SOURCENTRL.BO,0.8088342314417675,0.0125871123880653
1549,SYNCOMF.BO,TITANBIO.BO,0.8089017820210719,0.00944954835062791
335,BALPHARMA.NS,INDOCO.BO,0.8092272498952194,0.0052101175581556
1028,ISHITADR.BO,SMSPHARMA.BO,0.809940155762919,0.03205675426006016
392,BIBCL.BO,VISTAPH.BO,0.8099408830735116,0.004154378503430353
1329,MOREPENLAB.BO,PANACEABIO.BO,0.8099970128376675,0.02991900048283181
832,GENNEX.BO,TYCHE.BO,0.8100671623171021,0.005167931276126016
831,GENNEX.BO,SYNCOMF.BO,0.8101347783159933,0.008604005584224306
866,GODAVARI.BO,SUNLOC.BO,0.8104326185664568,0.04618509994579422
874,GODAVARI.BO,UNJHAFOR.BO,0.8106440962476773,0.027499798171906342
95,ALEMBICLTD.BO,VEERHEALTH.BO,0.8107754861693811,0.04274706069892315
1156,LACTOSE.BO,WELCURE.BO,0.8112563385504654,0.010867830370591846
159,ANUHPHR.BO,JAGSNPHARM.BO,0.8114183676081766,0.04628362082507593
161,ANUHPHR.BO,NATCAPSUQ.BO,0.8121794736886412,0.0006881170839461153
265,BACPHAR.BO,NEULANDLAB.BO,0.8121849409225441,0.0030435583088846193
1026,ISHITADR.BO,NECLIFE.NS,0.8122168012652096,0.02577686118218367
1029,ISHITADR.BO,SOURCENTRL.BO,0.8122402497042035,0.032567502627872336
524,CADILAHC.BO,MARKSANS.BO,0.8122409061268523,0.009879443041026836
171,AREYDRG.BO,BLISSGVS.BO,0.812446363660339,0.023027828561790472
262,BACPHAR.BO,LYKALABS.BO,0.8126746320411725,0.00038275300557617353
1558,SYSCHEM.BO,TYCHE.BO,0.8131058197649216,0.0008168893217931053
583,CAPPL.BO,PANCHSHEEL.BO,0.8138759370933258,0.030827158123345647
546,CAPLIPOINT.NS,PANCHSHEEL.BO,0.8139169146644015,0.02922454834830571
307,BAFNAPHARM.BO,PHRMASI.BO,0.8140352710830249,0.020700809451184958
1469,SMRUTHIORG.BO,TORNTPHARM.NS,0.814599346881339,0.0017716819214581262
163,ANUHPHR.BO,SEQUENT.BO,0.8147429286318466,0.010582010032982463
1461,SASTASUNDR.BO,ZENOTECH.BO,0.8150888886408452,0.0002920314642318363
343,BDH.BO,GRANULES.NS,0.8152715777213201,5.147581548124353e-06
164,ANUHPHR.BO,SHILPAMED.NS,0.8159801866124688,0.0014907133813624957
523,CADILAHC.BO,MAKERSL.BO,0.8163311536952285,5.610685103904359e-05
1141,LACTOSE.BO,SUNLOC.BO,0.818399691541332,0.03859718601571617
1470,SMRUTHIORG.BO,ZOTA.NS,0.8185063913534276,0.0033135665378714882
267,BACPHAR.BO,SMSPHARMA.BO,0.8190621304379031,0.0036653453594998105
261,BACPHAR.BO,GUJTHEM.BO,0.81940065460761,0.009992467445872196
233,AUROLAB.BO,CHEMOPH.BO,0.8196957384232743,0.019280843425883484
826,GENNEX.BO,GRANULES.NS,0.8197826645250366,0.007357093215799995
992,HINDBIO.BO,ZENITHHE.BO,0.8203001110806472,0.015329030602374592
264,BACPHAR.BO,NECLIFE.NS,0.8206552493394367,0.013512122404280269
142,ALPA.BO,SYSCHEM.BO,0.8206883952833022,0.0029249576745134253
616,CHEMOPH.BO,PANACEABIO.BO,0.8211574783949157,0.03551903835851984
931,GUJTHEM.BO,MEDICAMEQ.BO,0.8213529235463494,0.0014084477409805629
1170,LASA.NS,SOURCENTRL.BO,0.8218173400051453,0.026277413018063075
196,AREYDRG.BO,PANACEABIO.BO,0.8220566149296278,0.038352851073010105
1441,RPGLIFE.BO,SYSCHEM.BO,0.8220916168616572,0.030733253443810206
881,GODAVARI.BO,WELCURE.BO,0.8221027047458939,0.018136622673634955
745,DENISCHEM.BO,MEDICAMEQ.BO,0.8224127177478068,0.0058616518328352425
490,BRAWN.BO,SYSCHEM.BO,0.8243308336786281,5.125407213670945e-05
266,BACPHAR.BO,SHILPAMED.NS,0.8246417474017311,0.02915832892731498
350,BIBCL.BO,CAPPL.BO,0.8249644363396318,0.04129023929732444
707,DCAL.NS,KAMRLAB.BO,0.8250830722121232,0.04963999487826353
698,CORALAB.BO,UNICHEMLAB.BO,0.8256430222089574,0.018692642715855322
349,BIBCL.BO,CAPLIPOINT.NS,0.8256695227060816,0.03818285950447337
678,CORALAB.BO,KAMRLAB.BO,0.8263020174513063,0.02640457058639674
1456,SANOFI.NS,SMRUTHIORG.BO,0.8264748058066705,0.032046427684335715
112,ALPA.BO,DCAL.NS,0.8266469522346322,0.006856984659949407
458,BRAWN.BO,DCAL.NS,0.826790810388017,0.018747981217829123
1515,STAR.BO,ZENOTECH.BO,0.827125339575673,0.015397401701009427
1504,STAR.BO,SYSCHEM.BO,0.8274771224614644,0.008566080344905365
284,BAFNAPH.NS,PHRMASI.BO,0.8286327795545523,0.03074334248192624
1282,MEDICAMEQ.BO,SOURCENTRL.BO,0.8289193076887198,0.007097131483688715
1273,MARKSANS.BO,SYSCHEM.BO,0.8298058879025207,0.0033708567782538405
442,BLISSGVS.BO,HESTERBIO.NS,0.8301917397107098,0.03308134616480375
136,ALPA.BO,SOURCENTRL.BO,0.83023296683913,0.01177162070499469
955,HESTERBIO.NS,ISHITADR.BO,0.8303688934948573,0.03401360312960264
259,BACPHAR.BO,BIBCL.BO,0.8305171111384411,0.023122373018920065
1378,NECLIFE.NS,SYSCHEM.BO,0.8307060084088143,1.2064594124773454e-05
1475,SMSPHARMA.BO,SYSCHEM.BO,0.830765205322936,0.0005819521000868522
633,CIPLA.BO,SUNPHARMA.BO,0.8313528993570635,0.019992847637355003
450,BLISSGVS.BO,VIVIMEDLAB.NS,0.8319628239818293,0.0490280775254826
388,BIBCL.BO,UNICHEMLAB.BO,0.8329423335620268,0.03295162953577365
438,BLISSGVS.BO,CAPPL.BO,0.8329731199131991,0.013009299079327833
437,BLISSGVS.BO,CAPLIPOINT.NS,0.8333200135815731,0.012480446162514024
369,BIBCL.BO,MEDICAMEQ.BO,0.8335140642521627,0.0024438473159108846
1035,ISHITADR.BO,UNICHEMLAB.BO,0.8336580422080755,0.016989313930892466
748,DENISCHEM.BO,NATCAPSUQ.BO,0.8337019607900652,0.008115404506962746
147,ALPA.BO,UNJHAFOR.BO,0.8337733274051472,0.026660010367762478
1542,SYNCOM.BO,VISTAPH.BO,0.8340873644700584,0.014290784833458203
444,BLISSGVS.BO,MANGALAM.NS,0.8341780184702492,0.03710330012468604
685,CORALAB.BO,NATCAPSUQ.BO,0.8344676368261404,0.009034710980414327
1176,LASA.NS,SYSCHEM.BO,0.8350750726266913,0.0018381008783924606
747,DENISCHEM.BO,MOREPENLAB.BO,0.8352103487477013,0.016530135996283862
1071,KAMRLAB.BO,SYSCHEM.BO,0.8352558024307224,0.012040272223070522
1033,ISHITADR.BO,TITANBIO.BO,0.8353599771483252,0.01586372259182895
344,BDH.BO,JAGSNPHARM.BO,0.8362286769471311,9.074029346257397e-07
900,GUJTERC.BO,MEDICAMEQ.BO,0.8362360446905446,0.00793893839923902
1559,SYSCHEM.BO,UNICHEMLAB.BO,0.8363214179878274,0.00042712842312640916
1381,NECLIFE.NS,UNICHEMLAB.BO,0.8363717645272029,0.014623982124307244
830,GENNEX.BO,SMSPHARMA.BO,0.8372049613558671,0.005315805981874893
668,CONCORD.BO,GRANULES.NS,0.838006515704357,0.00041789215321641027
710,DCAL.NS,LAURUSLABS.BO,0.8382908608712478,0.010998281432592592
467,BRAWN.BO,ISHITADR.BO,0.8383910094408732,0.012878771432942818
1408,PANCHSHEEL.BO,TITANBIO.BO,0.8384644989558495,0.00019530365286180967
341,BALPHARMA.NS,SHILPAMED.NS,0.8386247646347679,0.029824364175970293
454,BRAWN.BO,CAPPL.BO,0.8387797980361693,0.026122261848880647
453,BRAWN.BO,CAPLIPOINT.NS,0.8389716097390294,0.0248433208129479
1279,MEDICAMEQ.BO,PANCHSHEEL.BO,0.839594044680996,0.01751467464033123
160,ANUHPHR.BO,MARKSANS.BO,0.8395983283096302,0.0007632415720544863
91,ALEMBICLTD.BO,TITANBIO.BO,0.8398351669859248,0.0435770543379561
198,AREYDRG.BO,PARNAXLAB.BO,0.8400234671911994,0.03785082874928898
1522,SUNLOC.BO,VEERHEALTH.BO,0.8401251953474134,0.03391453966371219
1131,LACTOSE.BO,MEDICAMEQ.BO,0.8402003454540065,0.019672945486053875
911,GUJTERC.BO,UNJHAFOR.BO,0.8409061213229625,0.004988531131704592
133,ALPA.BO,PANCHSHEEL.BO,0.8411757252904869,0.04704771915512865
345,BDH.BO,MARKSANS.BO,0.8413900689038682,7.304036014066008e-07
162,ANUHPHR.BO,NECLIFE.NS,0.8417749585274419,0.0011311194218367694
1407,PANCHSHEEL.BO,THEMISMED.NS,0.8421028356324496,0.026598537256380273
348,BIBCL.BO,BROOKS.BO,0.843017416331372,0.02071340249792645
445,BLISSGVS.BO,NATCAPSUQ.BO,0.8433791758056781,0.0034935475478962783
1478,SMSPHARMA.BO,VEERHEALTH.BO,0.8440354937819268,0.020864623325354232
338,BALPHARMA.NS,MAKERSL.BO,0.8448648292714506,0.018341583051957686
1313,MEDICAPQ.BO,SYSCHEM.BO,0.8452058010013513,0.014853965188570848
439,BLISSGVS.BO,DCAL.NS,0.8454265651544431,0.017082809647711913
1561,SYSCHEM.BO,WANBURY.BO,0.8455552246417415,0.00019367832258164336
1233,LYKALABS.BO,TITANBIO.BO,0.8462937044292621,0.04649398573649172
1554,SYNCOMF.BO,VIKRAMTH.BO,0.8464440292627167,0.011477520547567037
1009,INDOCO.BO,SYSCHEM.BO,0.8465587983160341,0.00019211633068595736
1480,SMSPHARMA.BO,VIKRAMTH.BO,0.8466847579829649,0.027645727002327078
89,ALEMBICLTD.BO,SYSCHEM.BO,0.846861507823363,0.001261461478749925
1560,SYSCHEM.BO,VIKRAMTH.BO,0.8468777048057972,4.0012404570009806e-05
386,BIBCL.BO,TITANBIO.BO,0.8469375288241394,0.016531168509755775
1352,NATCAPSUQ.BO,SYNCOM.BO,0.8472816232571303,0.025048151249995262
742,DENISCHEM.BO,LAURUSLABS.BO,0.8475364639253332,0.011056363802443701
764,DENISCHEM.BO,VIKRAMTH.BO,0.8477941980738821,0.03335991874956761
553,CAPLIPOINT.NS,TITANBIO.BO,0.8481498003027548,0.024180015710937273
590,CAPPL.BO,TITANBIO.BO,0.848337059558198,0.024520551114925616
943,GUJTHEM.BO,SYSCHEM.BO,0.8491801879909574,0.00021610533365576466
0,AARTIDRUGS.NS,BALPHARMA.NS,0.8493261102372592,0.007214663704860862
761,DENISCHEM.BO,UNICHEMLAB.BO,0.849353713003245,0.018087752141198368
848,GODAVARI.BO,KOPRAN.BO,0.8500983337316083,0.04113746329684093
1523,SUNLOC.BO,VENUSREM.BO,0.850407452804497,0.04102325824307876
567,CAPPL.BO,EVERESTO.BO,0.8506051280300398,0.044543013204534014
1242,MAKERSL.BO,SHILPAMED.NS,0.8506409394879471,8.100287988305248e-05
366,BIBCL.BO,LAURUSLABS.BO,0.850643293835542,0.020479917561308552
530,CAPLIPOINT.NS,EVERESTO.BO,0.8509415770220592,0.040632792647612534
1349,NATCAPSUQ.BO,SMSPHARMA.BO,0.8514831283389072,0.04111929292317001
828,GENNEX.BO,JAGSNPHARM.BO,0.8519460776490193,0.005867701773001026
1231,LYKALABS.BO,SYSCHEM.BO,0.8521780462982208,0.0005759665482947032
106,ALPA.BO,BLISSGVS.BO,0.8523454933244657,0.024505897047831755
1577,TITANBIO.BO,VEERHEALTH.BO,0.8523758458369098,0.0022280737451132195
974,HESTERBIO.NS,SUNLOC.BO,0.8547404663433086,0.028587512053694517
753,DENISCHEM.BO,SMSPHARMA.BO,0.8548006528179807,0.0389346421548517
759,DENISCHEM.BO,TITANBIO.BO,0.854838978245237,0.0016720660325222744
993,INDOCO.BO,ISHITADR.BO,0.8549588086311745,0.04262206032635148
1532,SUVEN.BO,ZOTA.NS,0.8559067017286659,0.03708903870243869
765,DENISCHEM.BO,VISTAPH.BO,0.8560774069354645,0.0015035987026041364
1370,NECLIFE.NS,RPGLIFE.BO,0.8562596524673532,0.031087185543319074
234,AUROLAB.BO,DCAL.NS,0.856397497059506,0.0257830576191005
869,GODAVARI.BO,SYSCHEM.BO,0.8568099655060049,0.00031857445276413225
620,CHEMOPH.BO,SUNLOC.BO,0.8574456070563994,0.037452638410147794
1348,NATCAPSUQ.BO,SHILPAMED.NS,0.8582138955283359,0.008419688331936112
1200,LAURUSLABS.BO,SYNCOM.BO,0.8591615036838447,0.013112686811840352
670,CORALAB.BO,EVERESTO.BO,0.8594773583187076,0.011070788354734885
762,DENISCHEM.BO,VEERHEALTH.BO,0.8599158813880066,0.004479916765493631
1194,LAURUSLABS.BO,MOREPENLAB.BO,0.8603156124288519,0.049941424351017775
871,GODAVARI.BO,TITANBIO.BO,0.8603717221346864,0.0049349242173022095
371,BIBCL.BO,MOREPENLAB.BO,0.8603959031244273,0.01552740360281522
1330,MOREPENLAB.BO,PANCHSHEEL.BO,0.8604361701637117,0.02948505789495475
1336,MOREPENLAB.BO,TITANBIO.BO,0.8609725634342499,0.004277135302934889
1404,PANCHSHEEL.BO,SUNLOC.BO,0.8609812634217551,0.0054671333253994755
1173,LASA.NS,SUNLOC.BO,0.8613737621565729,0.027396566690386814
362,BIBCL.BO,KAMRLAB.BO,0.861428737840902,0.043957222892231064
724,DCAL.NS,TITANBIO.BO,0.8616378262319649,0.014689716996580317
356,BIBCL.BO,EVERESTO.BO,0.8616403749443446,0.038220458754935294
342,BALPHARMA.NS,SMSPHARMA.BO,0.8618691999848489,0.03636861642047292
1486,SOURCENTRL.BO,TITANBIO.BO,0.8621948419195666,0.04785685069095423
1557,SYNCOMF.BO,WOCKPHARMA.BO,0.862339385668095,0.018757672688002474
1144,LACTOSE.BO,SYSCHEM.BO,0.8625075370809758,0.0002191237654306285
1339,MOREPENLAB.BO,VIKRAMTH.BO,0.8626926662397573,0.022044774820608827
1536,SYNCOM.BO,TITANBIO.BO,0.8627858918557032,0.0019596296627390443
1580,TITANBIO.BO,VISTAPH.BO,0.8629511132208195,0.008405241254399816
801,EVERESTO.BO,SYSCHEM.BO,0.8634231840309641,0.0003246881503300773
529,CAPLIPOINT.NS,DCAL.NS,0.8635081949180022,0.04958552789010413
859,GODAVARI.BO,PANCHSHEEL.BO,0.8636213758831185,0.024025379298237046
1596,UNICHEMLAB.BO,VEERHEALTH.BO,0.8640133905399102,0.03703504033010212
566,CAPPL.BO,DCAL.NS,0.8642765982126299,0.021199781757441673
914,GUJTERC.BO,VIKRAMTH.BO,0.8643954217462548,0.011789443842882356
755,DENISCHEM.BO,SUNLOC.BO,0.8646262994459607,0.0010074423410763621
1296,MEDICAMEQ.BO,VIVANZA.BO,0.8646835307274883,0.0026350665006302093
231,AUROLAB.BO,BIOFILCHEM.NS,0.8647763720793888,0.013180746122921994
475,BRAWN.BO,MEDICAMEQ.BO,0.8648804276844251,0.0008359180027476729
417,BIOFILCHEM.NS,PANACEABIO.BO,0.8648977270858917,0.013716225195896398
824,FREDUN.BO,ZENITHHE.BO,0.8650446877920276,0.010564954333180594
209,AREYDRG.BO,UNJHAFOR.BO,0.8656099180584287,0.04306687458551435
258,AUROPHARMA.BO,TRABI.BO,0.865661306528426,0.015710700526454235
1462,SHILPAMED.NS,SMSPHARMA.BO,0.8657339906283846,0.04498238124527013
1345,NATCAPSUQ.BO,NEULANDLAB.BO,0.8660735177221576,0.022689716924733882
1359,NATCAPSUQ.BO,VIKRAMTH.BO,0.8664281190059238,0.03356642418985723
1342,MOREPENLAB.BO,WANBURY.BO,0.8666075278359477,0.042516672220141785
912,GUJTERC.BO,VEERHEALTH.BO,0.8666869933533462,0.008671971048615976
382,BIBCL.BO,SUNLOC.BO,0.8668357502501891,0.007094388117295893
791,EVERESTO.BO,NECLIFE.NS,0.8671755728644044,0.011529750498245771
256,AUROPHARMA.BO,KILITCH.NS,0.8675125216539348,0.01617190190893138
904,GUJTERC.BO,SUNLOC.BO,0.8678220422461682,0.0036323869799227736
734,DENISCHEM.BO,EVERESTO.BO,0.8679980261552844,0.031844640996430855
1384,NECLIFE.NS,VIKRAMTH.BO,0.86821959739734,0.00498800495378368
1276,MEDICAMEQ.BO,MEDICAPQ.BO,0.8682358648485531,0.04372068707255375
799,EVERESTO.BO,SYNCOM.BO,0.8692176767248698,0.019961102642638836
743,DENISCHEM.BO,LYKALABS.BO,0.8693670054586947,0.01369863156620625
372,BIBCL.BO,NATCAPSUQ.BO,0.8704504139839856,0.003278817249754624
478,BRAWN.BO,NATCAPSUQ.BO,0.8707270503051262,0.0010734156132708847
503,BROOKS.BO,DCAL.NS,0.8707708052060457,0.020165913854683505
1297,MEDICAMEQ.BO,VIVIMEDLAB.NS,0.871175158862624,0.011691486777343399
557,CAPLIPOINT.NS,VEERHEALTH.BO,0.8714774827329755,0.024131439511216678
594,CAPPL.BO,VEERHEALTH.BO,0.8716232862358976,0.024842180087810164
556,CAPLIPOINT.NS,UNJHAFOR.BO,0.8716588874663899,0.0012362456810505117
1270,MARKSANS.BO,SHILPAMED.NS,0.8719263395954947,0.020875905088177747
908,GUJTERC.BO,TITANBIO.BO,0.8725493602641804,0.0021739247364512943
1578,TITANBIO.BO,VENUSREM.BO,0.8726300137388012,0.0023483259061775146
1250,MANGALAM.NS,SOURCENTRL.BO,0.8726615961390676,0.02138737147338255
593,CAPPL.BO,UNJHAFOR.BO,0.8732150065938971,0.0012685240223270396
1293,MEDICAMEQ.BO,VENUSREM.BO,0.8732752656175604,0.015268158519064684
918,GUJTERC.BO,WELCURE.BO,0.8734560055064972,0.0022678633687782303
1411,PANCHSHEEL.BO,VEERHEALTH.BO,0.8735506435564756,2.1753021994150086e-05
1406,PANCHSHEEL.BO,SYNCOMF.BO,0.8735937078450001,0.0001559524489712855
2,AARTIDRUGS.NS,JAGSNPHARM.BO,0.8736061857274428,0.008276470123391352
504,BROOKS.BO,DENISCHEM.BO,0.8736395151932752,0.02220435081712544
947,GUJTHEM.BO,UNICHEMLAB.BO,0.8738989570524811,0.0071081756161049305
1038,ISHITADR.BO,VIKRAMTH.BO,0.8741785066748619,0.019574488523829963
815,FDC.NS,PANACEABIO.BO,0.8742062773631838,0.01279896588288712
727,DCAL.NS,VIKRAMTH.BO,0.874402304359525,0.04313166103367032
346,BIBCL.BO,BIOFILCHEM.NS,0.8745598174887721,0.030489116359092013
972,HESTERBIO.NS,SOURCENTRL.BO,0.8747031204057286,0.004853451277826638
1468,SHUKRAPHAR.BO,TAKE.BO,0.8750949029526045,0.01099126358762651
69,ALEMBICLTD.BO,GUJTHEM.BO,0.8751572954114686,0.043049315169423306
330,BALPHARMA.NS,BDH.BO,0.8754749152335901,1.2451075056484492e-06
1611,VEERHEALTH.BO,VIVIMEDLAB.NS,0.8756278978258939,0.015374220393895311
1018,ISHITADR.BO,KAMRLAB.BO,0.8756539727565206,0.04712042285192135
1538,SYNCOM.BO,UNICHEMLAB.BO,0.8761403006492401,0.023620709800679603
1340,MOREPENLAB.BO,VISTAPH.BO,0.8765581544214593,0.018796701369505977
1222,LYKALABS.BO,PANCHSHEEL.BO,0.8766736633500524,0.027602073153227002
1350,NATCAPSUQ.BO,SPARC.BO,0.8767524092845962,0.048834563277585605
1576,TITANBIO.BO,UNJHAFOR.BO,0.8770741759725031,0.007755899786869216
1358,NATCAPSUQ.BO,VENUSREM.BO,0.877213485415752,0.008894470946387128
688,CORALAB.BO,PANCHSHEEL.BO,0.877691021793985,0.00040755522600334135
910,GUJTERC.BO,UNICHEMLAB.BO,0.8776962423736889,0.014898659471697035
741,DENISCHEM.BO,LASA.NS,0.8778370405212178,0.04622532001100958
980,HESTERBIO.NS,UNJHAFOR.BO,0.8780065608332976,0.00981676459641752
936,GUJTHEM.BO,RPGLIFE.BO,0.8783751608044099,0.0221220180745494
190,AREYDRG.BO,LAURUSLABS.BO,0.8783846543912638,0.04227168508550242
1011,INDOCO.BO,UNICHEMLAB.BO,0.8784383218398368,0.03846146875084238
915,GUJTERC.BO,VIVANZA.BO,0.8784656186354409,0.046672922298789596
778,EVERESTO.BO,INDOCO.BO,0.8785722363340837,0.008791010329820789
1065,KAMRLAB.BO,SOURCENTRL.BO,0.8792171913040839,0.014806687912139451
1076,KAMRLAB.BO,UNJHAFOR.BO,0.8792372346618003,3.15029211899446e-07
635,COLINZ.BO,EVERESTO.BO,0.8793146632436308,0.04790112386907505
477,BRAWN.BO,MOREPENLAB.BO,0.8793551342651243,0.001217138274056091
1304,MEDICAPQ.BO,PANCHSHEEL.BO,0.8795856181222954,0.031132524492620033
519,BROOKS.BO,VISTAPH.BO,0.8796777528826366,0.016492332954707766
1413,PANCHSHEEL.BO,VIKRAMTH.BO,0.8796902904471025,0.035751427279451464
1425,PFIZER.NS,ZOTA.NS,0.8798331611741647,0.0016792743618656064
1414,PANCHSHEEL.BO,VIVIMEDLAB.NS,0.8799700251434268,0.03314979267360724
854,GODAVARI.BO,MEDICAMEQ.BO,0.8800331438886201,0.001036131215347142
1361,NATCAPSUQ.BO,WANBURY.BO,0.8802717247222137,0.035281739831920136
800,EVERESTO.BO,SYNCOMF.BO,0.8805244289647702,0.008090481428578974
1146,LACTOSE.BO,TITANBIO.BO,0.8810602676044641,0.0059981510576592005
1258,MANGALAM.NS,UNJHAFOR.BO,0.881108770826968,0.01494561920522814
917,GUJTERC.BO,WANBURY.BO,0.8811312099641403,0.04644208035091278
1040,ISHITADR.BO,WANBURY.BO,0.8812283305205777,0.042691126191542646
807,EVERESTO.BO,VEERHEALTH.BO,0.8816391054999747,0.0009571437838100587
1332,MOREPENLAB.BO,SPARC.BO,0.8818040883216366,0.04596596288992571
512,BROOKS.BO,PARNAXLAB.BO,0.8820418421474179,0.016622062857439578
990,HINDBIO.BO,PGHL.NS,0.8821464409878319,0.03341442645249778
922,GUJTHEM.BO,ISHITADR.BO,0.8821892681919077,0.0029276870375041027
144,ALPA.BO,TITANBIO.BO,0.8823424076832119,0.008717195552726521
750,DENISCHEM.BO,PANCHSHEEL.BO,0.8825426072974826,0.003362086484700074
194,AREYDRG.BO,MOREPENLAB.BO,0.882748868381865,0.002732631059950507
772,DRREDDY.NS,GLENMARK.NS,0.8827982494222967,0.008586886870072892
563,CAPLIPOINT.NS,WELCURE.BO,0.883051765229151,0.029742060849205564
788,EVERESTO.BO,MEDICAMEQ.BO,0.883114084103372,0.01724899501539981
1588,TYCHE.BO,UNICHEMLAB.BO,0.8831847366394454,0.0385774098832017
1527,SUNLOC.BO,VIVIMEDLAB.NS,0.883646544707426,0.022639028747901562
339,BALPHARMA.NS,MARKSANS.BO,0.8837458792838425,1.1086156431718367e-06
416,BIOFILCHEM.NS,MOREPENLAB.BO,0.8839364054148569,0.04353670723735138
701,CORALAB.BO,VIKRAMTH.BO,0.8839512109018062,0.002419003967132928
893,GUJTERC.BO,KAMRLAB.BO,0.8841411821769656,0.007311226011397832
492,BRAWN.BO,TITANBIO.BO,0.8842267528927794,0.0006606117508846825
600,CAPPL.BO,WELCURE.BO,0.8842411917568139,0.03120824936954245
65,ALEMBICLTD.BO,COLINZ.BO,0.8843082675616688,0.020610405525741882
1624,VISTAPH.BO,VIVIMEDLAB.NS,0.884896600176243,0.029923727262292525
794,EVERESTO.BO,SMSPHARMA.BO,0.8857274622097091,0.020776626592535603
1178,LASA.NS,TITANBIO.BO,0.8857426911292345,0.011998837226258153
1022,ISHITADR.BO,LYKALABS.BO,0.8861548300155215,0.015328047035173844
1422,PFIZER.NS,SUVEN.BO,0.8865738075122108,0.02020316162677789
775,EVERESTO.BO,GUJTERC.BO,0.8865852780340774,0.015203201206751784
1334,MOREPENLAB.BO,SYNCOM.BO,0.8866145797190037,0.024256021902365404
615,CHEMOPH.BO,MEDICAPQ.BO,0.8866413295401362,0.008607129092578837
1584,TITANBIO.BO,WELCURE.BO,0.8867447984666267,0.010512242728064206
528,CAPLIPOINT.NS,COLINZ.BO,0.888053143370153,0.03707536987117305
1409,PANCHSHEEL.BO,TYCHE.BO,0.88809873368318,0.013472294895149554
814,EVERESTO.BO,WOCKPHARMA.BO,0.888199243641097,0.039618271723449984
776,EVERESTO.BO,GUJTHEM.BO,0.8882489446697939,0.0022729356784219187
565,CAPPL.BO,COLINZ.BO,0.8883381428621827,0.03533003035180683
1045,JAGSNPHARM.BO,NECLIFE.NS,0.8886950596898615,0.02110187457371132
1380,NECLIFE.NS,TYCHE.BO,0.8887274438547241,0.028111808172614983
1362,NATCAPSUQ.BO,WOCKPHARMA.BO,0.888782930817182,0.014837041593477212
174,AREYDRG.BO,CAPLIPOINT.NS,0.8889207952488697,0.022572060037925463
1518,SUNLOC.BO,TITANBIO.BO,0.8889379913572568,0.028681184784185906
623,CHEMOPH.BO,TITANBIO.BO,0.8890857499697875,0.024510215861701847
1252,MANGALAM.NS,SUNLOC.BO,0.8891080860688482,0.04429887036466214
80,ALEMBICLTD.BO,MEDICAMEQ.BO,0.889390098747142,0.047698142042695554
175,AREYDRG.BO,CAPPL.BO,0.8895726462899473,0.022587448355768053
391,BIBCL.BO,VIKRAMTH.BO,0.88960567081032,0.01602389252142485
1299,MEDICAMEQ.BO,WELCURE.BO,0.8896505994218727,0.003206465364776965
763,DENISCHEM.BO,VENUSREM.BO,0.8896570661540631,0.012700691027506034
1044,JAGSNPHARM.BO,MARKSANS.BO,0.8899314107680009,0.0015286134486865925
1291,MEDICAMEQ.BO,UNJHAFOR.BO,0.8899710989745345,0.012107755041488257
336,BALPHARMA.NS,JAGSNPHARM.BO,0.8899806305151654,0.00017903783440511908
804,EVERESTO.BO,TYCHE.BO,0.8899924335674703,0.009002920567520351
73,ALEMBICLTD.BO,KAMRLAB.BO,0.8901759815384501,0.04249796496461263
1447,RPGLIFE.BO,VEERHEALTH.BO,0.8905099619689465,0.012468085063041196
1077,KAMRLAB.BO,VEERHEALTH.BO,0.8905485810537492,0.001972149199703177
1341,MOREPENLAB.BO,VIVIMEDLAB.NS,0.890599887854046,0.013162548611751814
103,ALPA.BO,AREYDRG.BO,0.8910274958764589,0.038803317632587285
1565,THEMISMED.NS,UNJHAFOR.BO,0.8911037534414151,9.416843517274453e-05
1375,NECLIFE.NS,STAR.BO,0.8912341904700737,0.03635752285394664
999,INDOCO.BO,MARKSANS.BO,0.8912694399785162,0.016863850330141386
873,GODAVARI.BO,UNICHEMLAB.BO,0.8917812793161723,0.020537351269802342
1500,SPARC.BO,VISTAPH.BO,0.8918975066036925,0.004873179511012283
1613,VEERHEALTH.BO,WOCKPHARMA.BO,0.8920344448807715,0.0025299026175392867
305,BAFNAPHARM.BO,PANACEABIO.BO,0.8921918559435656,0.029637702704922785
1605,UNJHAFOR.BO,VIVANZA.BO,0.8923335698653372,0.028975819149458217
617,CHEMOPH.BO,RPGLIFE.BO,0.8924945780903893,0.0016082839641419525
7,ABBOTINDIA.NS,PFIZER.NS,0.8927537760454758,0.0375762385611005
1310,MEDICAPQ.BO,SUNLOC.BO,0.8931049139446707,0.0397362670725528
1360,NATCAPSUQ.BO,VIVIMEDLAB.NS,0.8931107196056821,0.0037635534281528944
687,CORALAB.BO,NECLIFE.NS,0.8932294209578376,0.009258650748487422
1539,SYNCOM.BO,VEERHEALTH.BO,0.8932961421671349,0.022018803935334633
754,DENISCHEM.BO,SPARC.BO,0.8934999886680874,0.0059093581707013705
1236,LYKALABS.BO,VEERHEALTH.BO,0.8939796534258372,0.001964103742326481
1389,NEULANDLAB.BO,SPARC.BO,0.8941520815804264,0.04297372125916314
1566,THEMISMED.NS,VEERHEALTH.BO,0.8942488401646358,0.004259604785491202
1372,NECLIFE.NS,SHILPAMED.NS,0.8943449738447209,0.01626520207421682
1412,PANCHSHEEL.BO,VENUSREM.BO,0.8943852345324009,0.001169609787465899
901,GUJTERC.BO,MEDICAPQ.BO,0.8945239539925853,0.02480697360668452
250,AUROLAB.BO,WELCURE.BO,0.894828487275465,0.031674120265661486
733,DCAL.NS,WOCKPHARMA.BO,0.8949414478282753,0.02345853712224751
114,ALPA.BO,EVERESTO.BO,0.8949718705349935,0.02969404530753597
363,BIBCL.BO,KOPRAN.BO,0.8951266615962142,0.0031714001121912
1423,PFIZER.NS,TORNTPHARM.NS,0.8953793015733741,0.044674459610681505
468,BRAWN.BO,KAMRLAB.BO,0.8954475821127826,0.014006532381393644
857,GODAVARI.BO,NATCAPSUQ.BO,0.8954663777763558,0.004857906145761149
460,BRAWN.BO,EVERESTO.BO,0.8955786628555584,0.0005582459066592385
1002,INDOCO.BO,NECLIFE.NS,0.8956138145420908,0.0033866336330704246
257,AUROPHARMA.BO,PHARMAID.BO,0.8957715278081955,0.025233599040636507
691,CORALAB.BO,SMSPHARMA.BO,0.8961823984179249,0.022168454712885033
612,CHEMOPH.BO,LAURUSLABS.BO,0.8962205070698812,0.026512141575904386
1199,LAURUSLABS.BO,SUNLOC.BO,0.8963422352438666,0.031232056349431884
1166,LASA.NS,PANCHSHEEL.BO,0.8965238672637684,0.011463019387678903
203,AREYDRG.BO,SUNLOC.BO,0.8973493437194623,0.029898659087995882
1582,TITANBIO.BO,VIVIMEDLAB.NS,0.8975699687532862,0.0013604056718645224
752,DENISCHEM.BO,RPGLIFE.BO,0.8976889358126019,0.0029267330148666907
177,AREYDRG.BO,DCAL.NS,0.8979172601837386,0.0074871602685058665
1333,MOREPENLAB.BO,SUNLOC.BO,0.8980990416384556,0.0026352888935068266
249,AUROLAB.BO,VIVANZA.BO,0.8982074801866465,0.012037629872048063
1315,MEDICAPQ.BO,TITANBIO.BO,0.8989628119581949,0.016597841760117048
568,CAPPL.BO,GODAVARI.BO,0.8990116844984561,0.017715908844006575
531,CAPLIPOINT.NS,GODAVARI.BO,0.8990502326688057,0.018323105051851533
68,ALEMBICLTD.BO,GODAVARI.BO,0.8991711663289237,0.008330807445465216
1421,PFIZER.NS,SANOFI.NS,0.8992023630153595,0.0030478271959727384
1516,SUNLOC.BO,SYNCOM.BO,0.8992092109205116,0.021270147754545624
1287,MEDICAMEQ.BO,THEMISMED.NS,0.8993640094031015,0.0055669662114602265
774,EVERESTO.BO,GODAVARI.BO,0.899746006682442,0.0019218289098985315
1451,RPGLIFE.BO,VIVANZA.BO,0.8998220222888426,0.036006064439370086
977,HESTERBIO.NS,TITANBIO.BO,0.8998533510439802,0.0005384179513210285
217,AREYDRG.BO,WELCURE.BO,0.9002281548349323,0.021941814178908108
1401,PANCHSHEEL.BO,RPGLIFE.BO,0.9002293881758888,0.0006321773173749445
495,BRAWN.BO,VEERHEALTH.BO,0.9003389551273189,0.0005346328511227829
1059,KAMRLAB.BO,MEDICAMEQ.BO,0.9005602091698546,0.03254959565790412
662,COLINZ.BO,VEERHEALTH.BO,0.9007829149357114,0.016408833731770656
1259,MANGALAM.NS,VEERHEALTH.BO,0.9008549444106507,0.02229673981265703
1405,PANCHSHEEL.BO,SYNCOM.BO,0.9010970411506526,2.931745902187263e-06
631,CHEMOPH.BO,WELCURE.BO,0.9012015564820327,0.045978309117622455
389,BIBCL.BO,VEERHEALTH.BO,0.901459748277213,0.0016418066064428352
215,AREYDRG.BO,VIVIMEDLAB.NS,0.9016995663966931,0.045164852179530195
860,GODAVARI.BO,RPGLIFE.BO,0.9018104921316769,0.017557435922996165
1581,TITANBIO.BO,VIVANZA.BO,0.9019016865466746,0.009042841276565372
282,BAFNAPH.NS,PANACEABIO.BO,0.9020511592446073,0.04180150195872787
699,CORALAB.BO,VEERHEALTH.BO,0.9020546182145028,0.00021587684908983066
1575,TITANBIO.BO,UNICHEMLAB.BO,0.9022057957661735,0.005314688846798441
1531,SUVEN.BO,TORNTPHARM.NS,0.9023410889170199,0.02770246819130763
802,EVERESTO.BO,THEMISMED.NS,0.9024080781978453,0.009176414949767871
903,GUJTERC.BO,RPGLIFE.BO,0.9024165222337438,0.017025081554489636
808,EVERESTO.BO,VENUSREM.BO,0.9024307960466654,0.0038140324093195108
206,AREYDRG.BO,TITANBIO.BO,0.90299240881452,0.00035550645803174394
1383,NECLIFE.NS,VENUSREM.BO,0.9032015430751109,0.017790680395347543
1552,SYNCOMF.BO,VEERHEALTH.BO,0.903370303734981,0.0010434167454619642
149,ALPA.BO,VENUSREM.BO,0.903436612903602,0.02369784983662421
1255,MANGALAM.NS,TITANBIO.BO,0.9035305742638194,0.005547303084213786
1564,THEMISMED.NS,UNICHEMLAB.BO,0.9035689154732203,0.02505847786958919
289,BAFNAPH.NS,VISTAPH.BO,0.9038719152855575,0.04235060209123897
1386,NECLIFE.NS,WANBURY.BO,0.9038885135982557,0.017833620348251696
803,EVERESTO.BO,TITANBIO.BO,0.9040520527312462,0.0008496828119722083
1541,SYNCOM.BO,VIKRAMTH.BO,0.9041386141139032,0.02554527561221717
148,ALPA.BO,VEERHEALTH.BO,0.9046744003439965,0.005954395372516001
459,BRAWN.BO,DENISCHEM.BO,0.9047134698254301,0.00036680453975343084
97,ALEMBICLTD.BO,VIKRAMTH.BO,0.9051184141084281,0.009645153185316575
1202,LAURUSLABS.BO,TITANBIO.BO,0.9051610000699033,0.003821172855782244
1579,TITANBIO.BO,VIKRAMTH.BO,0.9052583686509744,0.0001995490412053332
128,ALPA.BO,MEDICAMEQ.BO,0.9053775636118221,0.031870960444156375
384,BIBCL.BO,SYNCOMF.BO,0.9054291809007251,0.029974219405028882
1343,MOREPENLAB.BO,WOCKPHARMA.BO,0.9054853305200522,0.02281419063896115
948,GUJTHEM.BO,VEERHEALTH.BO,0.9059764962834458,0.00443295899841042
1416,PANCHSHEEL.BO,WOCKPHARMA.BO,0.9061370687917836,0.022697765342565072
1415,PANCHSHEEL.BO,WANBURY.BO,0.9064488742053662,0.00013075131391390707
457,BRAWN.BO,CORALAB.BO,0.9066596065167257,0.04001331513931704
680,CORALAB.BO,LACTOSE.BO,0.9067429680361297,0.04632836236941948
704,CORALAB.BO,WOCKPHARMA.BO,0.9068227595011389,0.020667147443357105
552,CAPLIPOINT.NS,THEMISMED.NS,0.9069496256865257,0.013313665366887004
199,AREYDRG.BO,RPGLIFE.BO,0.9069890249941386,0.03594074812063991
425,BIOFILCHEM.NS,TITANBIO.BO,0.9071923249955427,0.006881598746620789
589,CAPPL.BO,THEMISMED.NS,0.9073792567163504,0.014379098303881942
739,DENISCHEM.BO,KOPRAN.BO,0.9076048147989455,0.0005324636758115906
1106,KOPRAN.BO,TITANBIO.BO,0.9076963383532953,0.005767402148553151
1572,THEMISMED.NS,WELCURE.BO,0.9078390483989365,0.002730633016118218
1142,LACTOSE.BO,SYNCOM.BO,0.9078578124164961,0.041808019840408606
1238,LYKALABS.BO,VIKRAMTH.BO,0.9080026341952334,0.031894607393410816
170,AREYDRG.BO,BIOFILCHEM.NS,0.9081632019052485,0.02958081898439539
1482,SMSPHARMA.BO,WANBURY.BO,0.9082099769991349,0.022213925455057407
1553,SYNCOMF.BO,VENUSREM.BO,0.9084552645789633,0.01681577424504427
964,HESTERBIO.NS,MEDICAMEQ.BO,0.908462475730941,0.006357700941020938
996,INDOCO.BO,LACTOSE.BO,0.9086223726201677,0.017627401965943028
494,BRAWN.BO,UNICHEMLAB.BO,0.9086956892169483,0.000608628880910107
59,ALEMBICLTD.BO,ALPA.BO,0.9086975640562983,0.012507916879617787
535,CAPLIPOINT.NS,KAMRLAB.BO,0.9087116894122278,0.0008614350254995087
882,GODAVARI.BO,WOCKPHARMA.BO,0.9087235573656643,0.027620129836136643
1474,SMSPHARMA.BO,SYNCOMF.BO,0.9087602309065971,0.019375882324773486
572,CAPPL.BO,KAMRLAB.BO,0.908784405757761,0.0008417311637536132
1300,MEDICAMEQ.BO,WOCKPHARMA.BO,0.9093975373237635,0.0077032023939873516
132,ALPA.BO,NECLIFE.NS,0.9099325410095527,0.0098942777247876
1540,SYNCOM.BO,VENUSREM.BO,0.9100552984102436,0.0021851173587707677
1209,LAURUSLABS.BO,VIVIMEDLAB.NS,0.9107943785312175,0.027077436470141363
950,GUJTHEM.BO,VIKRAMTH.BO,0.9111251889943246,0.0026159143178754686
682,CORALAB.BO,LYKALABS.BO,0.9111894570032584,0.009824529765084997
1583,TITANBIO.BO,WANBURY.BO,0.9112181039549455,0.0020053376017762723
1281,MEDICAMEQ.BO,RPGLIFE.BO,0.9116447444251283,0.019016245033982148
767,DENISCHEM.BO,WANBURY.BO,0.9118834646615668,0.005190027893118925
756,DENISCHEM.BO,SYNCOM.BO,0.9122346573990313,0.0012053696110628687
1073,KAMRLAB.BO,TITANBIO.BO,0.9122910524791674,0.004074397878181886
988,HESTERBIO.NS,WELCURE.BO,0.9124958702208021,0.015861662174628924
1005,INDOCO.BO,SMSPHARMA.BO,0.9125968968410287,0.009721403940082743
712,DCAL.NS,MEDICAMEQ.BO,0.9128498466240036,0.02826041314964793
766,DENISCHEM.BO,VIVIMEDLAB.NS,0.9129862589408867,0.00847962771873033
312,BAFNAPHARM.BO,VISTAPH.BO,0.913083955864733,0.009542021960330705
1507,STAR.BO,TYCHE.BO,0.9135087539236475,0.048158629254641684
785,EVERESTO.BO,LYKALABS.BO,0.9135585229704183,0.014995497447745025
684,CORALAB.BO,MEDICAPQ.BO,0.9136109330314508,0.019040007455407484
143,ALPA.BO,THEMISMED.NS,0.9136453808787608,0.007232410868212695
1438,RPGLIFE.BO,SUNLOC.BO,0.9137574378500886,0.049100771496120896
998,INDOCO.BO,LYKALABS.BO,0.913761905704597,0.03842253641011026
1556,SYNCOMF.BO,WANBURY.BO,0.913832368012146,0.0349674332459114
1288,MEDICAMEQ.BO,TITANBIO.BO,0.9140259812184166,0.0009968556555979505
851,GODAVARI.BO,LYKALABS.BO,0.9144091763126154,0.017644173761275847
480,BRAWN.BO,PANCHSHEEL.BO,0.9146546110798024,5.404977509664804e-06
355,BIBCL.BO,DENISCHEM.BO,0.9146972635374561,0.002040055291623791
768,DENISCHEM.BO,WOCKPHARMA.BO,0.9147795717260873,0.0011798853889979535
534,CAPLIPOINT.NS,HESTERBIO.NS,0.9149973815811107,0.02211793671169862
673,CORALAB.BO,GUJTHEM.BO,0.9151584565544832,0.025484634534832292
571,CAPPL.BO,HESTERBIO.NS,0.9154441645840986,0.02282970591979917
1598,UNICHEMLAB.BO,VIKRAMTH.BO,0.9155372592600778,0.0063315461920443045
1562,THEMISMED.NS,TITANBIO.BO,0.9157822424042313,0.00019252518616236867
1585,TITANBIO.BO,WOCKPHARMA.BO,0.9158366271064518,0.0002927295754860614
376,BIBCL.BO,PANCHSHEEL.BO,0.916169252471671,3.129449786652724e-05
377,BIBCL.BO,RPGLIFE.BO,0.9163266710224961,0.0028002276912650363
746,DENISCHEM.BO,MEDICAPQ.BO,0.9169880422223725,0.0013014449590744348
1150,LACTOSE.BO,VEERHEALTH.BO,0.9173198687417455,0.0031651116016320007
780,EVERESTO.BO,KAMRLAB.BO,0.9174077123697002,0.0028461294484990007
1223,LYKALABS.BO,RPGLIFE.BO,0.91762218331108,0.03318243520699414
8,ABBOTINDIA.NS,PGHL.NS,0.9180998137851824,0.017127661924093776
858,GODAVARI.BO,NECLIFE.NS,0.9182974195977874,0.0018448593266069497
431,BIOFILCHEM.NS,VISTAPH.BO,0.9184903025591674,0.002096966178615923
1136,LACTOSE.BO,RPGLIFE.BO,0.9186413446985571,0.04534803844791096
186,AREYDRG.BO,KOPRAN.BO,0.9190080974529932,0.015170455304143718
697,CORALAB.BO,TYCHE.BO,0.9196638466960623,0.0025088840910185532
703,CORALAB.BO,WANBURY.BO,0.9196863173237962,0.0032401639913923687
875,GODAVARI.BO,VEERHEALTH.BO,0.9202726730321279,0.00021334944576650486
1175,LASA.NS,SYNCOMF.BO,0.9204135972199119,0.02669206213833009
1610,VEERHEALTH.BO,VIKRAMTH.BO,0.9206562000119445,7.697970222779134e-06
1229,LYKALABS.BO,SYNCOM.BO,0.921093080034994,0.042176419516281566
907,GUJTERC.BO,THEMISMED.NS,0.9212281141380538,0.0025151812510781192
121,ALPA.BO,KAMRLAB.BO,0.92155896402395,0.002679422977986042
1494,SPARC.BO,SYNCOM.BO,0.9217996283384476,0.012284971257250508
496,BRAWN.BO,VENUSREM.BO,0.9220345815957036,0.0024273900152726063
559,CAPLIPOINT.NS,VIKRAMTH.BO,0.9221005920060004,0.0004410710993861472
1083,KAMRLAB.BO,WELCURE.BO,0.9221693286377938,0.00344574786105549
515,BROOKS.BO,SUNLOC.BO,0.9221783685707436,0.020247471057040972
1064,KAMRLAB.BO,RPGLIFE.BO,0.9222621155808386,0.046537825757377964
1614,VENUSREM.BO,VIKRAMTH.BO,0.922266207720437,5.406867005452646e-05
596,CAPPL.BO,VIKRAMTH.BO,0.9227233145756895,0.0005166562959871506
493,BRAWN.BO,TYCHE.BO,0.9229138184588336,0.0006295932601227809
636,COLINZ.BO,GODAVARI.BO,0.9230038870015886,0.01610359380769535
367,BIBCL.BO,LYKALABS.BO,0.9230577811775882,0.046765805556012174
887,GRANULES.NS,MARKSANS.BO,0.9230737347532496,0.013472355820179999
664,COLINZ.BO,VIKRAMTH.BO,0.9233807074657288,0.04380325480583895
793,EVERESTO.BO,RPGLIFE.BO,0.9234011567941731,0.013375851011509097
1568,THEMISMED.NS,VIKRAMTH.BO,0.9234572803758364,0.01578512913993935
1319,MEDICAPQ.BO,VEERHEALTH.BO,0.9236845701178372,0.0014905394638845132
218,AREYDRG.BO,WOCKPHARMA.BO,0.9238647695969671,0.006955339348536325
1622,VIKRAMTH.BO,WOCKPHARMA.BO,0.9244654622434372,0.0018960924035880246
1265,MANGALAM.NS,WELCURE.BO,0.9244897769382292,0.005863910523464544
983,HESTERBIO.NS,VIKRAMTH.BO,0.9244987457421046,0.04227305136444637
949,GUJTHEM.BO,VENUSREM.BO,0.9245746817020262,0.027249560786314454
1221,LYKALABS.BO,NECLIFE.NS,0.9246885547357558,0.0378695635802557
489,BRAWN.BO,SYNCOMF.BO,0.9247923727369898,0.005265310155393799
1607,UNJHAFOR.BO,WELCURE.BO,0.9247947921968049,0.0043203074302807665
1609,VEERHEALTH.BO,VENUSREM.BO,0.925026379455297,6.869857565623447e-06
497,BRAWN.BO,VIKRAMTH.BO,0.9250325735255006,0.000135798886296888
155,ALPA.BO,WOCKPHARMA.BO,0.9251816547976023,0.019181095434694817
462,BRAWN.BO,GODAVARI.BO,0.9252587507507053,0.010481058098874759
956,HESTERBIO.NS,KAMRLAB.BO,0.9253236435708783,0.014790920648384154
109,ALPA.BO,CAPPL.BO,0.9256086484936882,0.011444446897112935
783,EVERESTO.BO,LASA.NS,0.9257567265139226,0.005289359733158027
108,ALPA.BO,CAPLIPOINT.NS,0.9258309855092207,0.010130733520794194
1243,MANGALAM.NS,MEDICAMEQ.BO,0.9259098494197566,0.00018488873498218706
1207,LAURUSLABS.BO,VISTAPH.BO,0.9260048685265222,0.0021424885550774776
63,ALEMBICLTD.BO,CAPLIPOINT.NS,0.9260163514306669,0.005463189396294069
64,ALEMBICLTD.BO,CAPPL.BO,0.9260232461913834,0.03476998195723182
1093,KOPRAN.BO,MOREPENLAB.BO,0.9263299419536615,0.008865310919346066
370,BIBCL.BO,MEDICAPQ.BO,0.9264543190150966,0.04303738804825459
153,ALPA.BO,WANBURY.BO,0.9272838389620208,0.024576172812515885
789,EVERESTO.BO,MEDICAPQ.BO,0.9273522807079622,0.0011640155104362562
481,BRAWN.BO,RPGLIFE.BO,0.9273596014854599,0.020020331567761642
812,EVERESTO.BO,WANBURY.BO,0.9273849267060258,0.0025190297452849513
1113,KOPRAN.BO,VISTAPH.BO,0.9274001894380663,0.020983442210576107
700,CORALAB.BO,VENUSREM.BO,0.9274518001118414,0.003906242393666841
1443,RPGLIFE.BO,TITANBIO.BO,0.9277681719447003,0.00014430804953302
542,CAPLIPOINT.NS,MEDICAMEQ.BO,0.9278130634866486,0.0007515733350896944
579,CAPPL.BO,MEDICAMEQ.BO,0.9282327908212517,0.0009259878376086163
192,AREYDRG.BO,MEDICAMEQ.BO,0.9284444676577087,0.00022097985306642165
938,GUJTHEM.BO,SMSPHARMA.BO,0.9284526614271441,0.01304247056961611
1147,LACTOSE.BO,TYCHE.BO,0.9293272392383439,0.036398020180873576
876,GODAVARI.BO,VENUSREM.BO,0.9294549426070461,0.006931840988562626
1294,MEDICAMEQ.BO,VIKRAMTH.BO,0.9294611163548901,0.0003253576105008578
1320,MEDICAPQ.BO,VENUSREM.BO,0.9299371216732502,0.017110780906349654
1174,LASA.NS,SYNCOM.BO,0.931399303353399,0.01675027970233437
383,BIBCL.BO,SYNCOM.BO,0.9318750008626977,0.00048531368480950074
1060,KAMRLAB.BO,MEDICAPQ.BO,0.9320268268690924,0.03735193375488305
411,BIOFILCHEM.NS,LAURUSLABS.BO,0.9321405489044328,0.021216045023750192
1589,TYCHE.BO,VEERHEALTH.BO,0.9325568006151577,1.4950576458830466e-05
1617,VENUSREM.BO,WOCKPHARMA.BO,0.9329632371243078,0.01620146669574152
1151,LACTOSE.BO,VENUSREM.BO,0.9333583350591756,0.03650269386717782
347,BIBCL.BO,BRAWN.BO,0.9335482294680966,0.02116708197043745
1590,TYCHE.BO,VENUSREM.BO,0.933600501650826,0.002124700999590706
118,ALPA.BO,HESTERBIO.NS,0.9338332241264728,0.014175450076591982
1075,KAMRLAB.BO,UNICHEMLAB.BO,0.9338369214843232,0.004892831663580944
470,BRAWN.BO,LACTOSE.BO,0.9338672849076336,0.01800442458746705
1115,KOPRAN.BO,VIVIMEDLAB.NS,0.9339904360078746,0.015057629543290364
847,GODAVARI.BO,KAMRLAB.BO,0.9344935573348212,0.0366543999065744
353,BIBCL.BO,CORALAB.BO,0.9348713206247691,0.02410829429921519
1593,TYCHE.BO,WANBURY.BO,0.9350550466991348,0.004332033482150332
1373,NECLIFE.NS,SMSPHARMA.BO,0.9352969022340342,0.0029231383290795913
127,ALPA.BO,MANGALAM.NS,0.9354555905578567,0.04597390627798807
488,BRAWN.BO,SYNCOM.BO,0.9356596330137205,0.005165888798904516
926,GUJTHEM.BO,LACTOSE.BO,0.9356785475441471,0.036129075421287495
1612,VEERHEALTH.BO,WANBURY.BO,0.9365294980353328,7.23305355393434e-05
1180,LASA.NS,UNICHEMLAB.BO,0.9375505964185485,0.0005634248569540149
1546,SYNCOM.BO,WOCKPHARMA.BO,0.9375580880157577,0.0013122528838552714
1058,KAMRLAB.BO,MANGALAM.NS,0.9375976813541259,0.04317870236915583
191,AREYDRG.BO,MANGALAM.NS,0.9378154183984165,0.006418795677574618
1183,LASA.NS,VENUSREM.BO,0.9378467201703631,0.012443679756041222
805,EVERESTO.BO,UNICHEMLAB.BO,0.9386629246932591,0.0003226841936212249
1449,RPGLIFE.BO,VIKRAMTH.BO,0.9387813498999679,0.04125657222224113
1182,LASA.NS,VEERHEALTH.BO,0.9391174911536363,0.00024177004735157555
473,BRAWN.BO,LYKALABS.BO,0.939257657652275,0.010374517398146942
150,ALPA.BO,VIKRAMTH.BO,0.9395655167001644,5.7649298634745123e-05
1317,MEDICAPQ.BO,UNICHEMLAB.BO,0.9395826577110888,0.00854785830757179
1439,RPGLIFE.BO,SYNCOM.BO,0.9398348948156704,0.006757109208883758
976,HESTERBIO.NS,THEMISMED.NS,0.9400133020348678,0.00475044993385668
541,CAPLIPOINT.NS,MANGALAM.NS,0.9406268653239654,0.0020170809832784683
1159,LASA.NS,LYKALABS.BO,0.9412860455331488,0.002689733490242843
578,CAPPL.BO,MANGALAM.NS,0.9413007720627151,0.001983412451011773
390,BIBCL.BO,VENUSREM.BO,0.9413244499833948,0.0026382684687777966
782,EVERESTO.BO,LACTOSE.BO,0.9415542397742285,6.243551177027838e-07
1102,KOPRAN.BO,SUNLOC.BO,0.9418206666719277,0.02117997710919245
872,GODAVARI.BO,TYCHE.BO,0.9422765838526609,0.001132734547322544
842,GODAVARI.BO,GUJTHEM.BO,0.94247919035333,0.0012537158745784802
1544,SYNCOM.BO,VIVIMEDLAB.NS,0.9440407397440135,0.0012747376775149538
1635,WANBURY.BO,WOCKPHARMA.BO,0.9442183519561697,0.0128083475939498
395,BIBCL.BO,WOCKPHARMA.BO,0.9451880297221454,0.001532027220107584
1118,KOPRAN.BO,WOCKPHARMA.BO,0.9457883899616001,0.01604130261566747
1459,SANOFI.NS,ZOTA.NS,0.9460201074183672,0.029365734934332647
1128,LACTOSE.BO,LYKALABS.BO,0.9461677832773538,0.02762943765809767
1452,RPGLIFE.BO,VIVIMEDLAB.NS,0.9462077093221882,0.04644460700616259
769,DIVISLAB.BO,IOLCP.NS,0.9463113527922045,0.0010582969146733707
1501,SPARC.BO,VIVIMEDLAB.NS,0.9464159885733836,0.024174677059536444
1148,LACTOSE.BO,UNICHEMLAB.BO,0.9467457297271055,0.0019906904003303885
422,BIOFILCHEM.NS,SUNLOC.BO,0.9476975885929597,7.328518769705835e-05
1631,VIVIMEDLAB.NS,WANBURY.BO,0.9477972163237455,0.04729436113478512
1184,LASA.NS,VIKRAMTH.BO,0.9478003719476138,0.006230537353935142
1305,MEDICAPQ.BO,RPGLIFE.BO,0.9482299249768457,0.035492977880855925
628,CHEMOPH.BO,VIVANZA.BO,0.9482387534426032,0.01071249955596029
115,ALPA.BO,GODAVARI.BO,0.9486874825474172,0.00011662742394967019
1616,VENUSREM.BO,WANBURY.BO,0.9488528582871754,0.01041511994094235
394,BIBCL.BO,WANBURY.BO,0.9491966491370218,0.0003925429412495505
40,AJANTPHARM.BO,STAR.BO,0.9498142846597851,0.038423079517312685
1079,KAMRLAB.BO,VIKRAMTH.BO,0.9506072817949339,0.00011842826014519174
408,BIOFILCHEM.NS,KOPRAN.BO,0.9507688812664172,0.003319580156332029
1545,SYNCOM.BO,WANBURY.BO,0.950774588686928,0.01809323714278777
880,GODAVARI.BO,WANBURY.BO,0.9511718892564865,0.001005731676014324
928,GUJTHEM.BO,LYKALABS.BO,0.9513363341842954,7.539289451524269e-05
1453,RPGLIFE.BO,WANBURY.BO,0.9514734969519768,0.008176796447870208
877,GODAVARI.BO,VIKRAMTH.BO,0.9516943769568998,3.794743164320981e-05
934,GUJTHEM.BO,NECLIFE.NS,0.9519375981894227,0.002589651444022983
476,BRAWN.BO,MEDICAPQ.BO,0.952379380908514,0.007724631003149131
393,BIBCL.BO,VIVIMEDLAB.NS,0.9526483932154218,0.005879446907274823
1620,VIKRAMTH.BO,WANBURY.BO,0.9528099978185052,0.0004688816123575101
471,BRAWN.BO,LASA.NS,0.9532302587882341,0.0008353974027412545
183,AREYDRG.BO,HESTERBIO.NS,0.9532637120232922,4.516450028803593e-05
1261,MANGALAM.NS,VIKRAMTH.BO,0.953835305223265,0.002080404690551141
660,COLINZ.BO,TYCHE.BO,0.954790234183663,0.017668277885572257
1240,LYKALABS.BO,WANBURY.BO,0.9550076461831838,0.0004827189522294544
1179,LASA.NS,TYCHE.BO,0.9555881039763012,0.005787101776286472
1455,RPGLIFE.BO,WOCKPHARMA.BO,0.9612715627131945,0.008531296735609619
501,BRAWN.BO,WANBURY.BO,0.961798926607829,2.9128825008236952e-09
1311,MEDICAPQ.BO,SYNCOM.BO,0.9627631820786852,0.003159061898703544
963,HESTERBIO.NS,MANGALAM.NS,0.9636570134712836,0.0010647166858584719
1155,LACTOSE.BO,WANBURY.BO,0.9639840658904614,0.0027561546627753856
1254,MANGALAM.NS,THEMISMED.NS,0.9673234355694644,0.0019426974665698903
1633,VIVIMEDLAB.NS,WOCKPHARMA.BO,0.9687759371701382,0.0012987131527526991
1162,LASA.NS,MEDICAPQ.BO,0.9708836759365452,0.032800569352377996
1325,MEDICAPQ.BO,WANBURY.BO,0.9766812501459874,0.0015064533688408275
1187,LASA.NS,WANBURY.BO,0.9769799747105076,0.0017910939473113996
270,BAFNAPH.NS,BAFNAPHARM.BO,0.9898441698770898,0.00013181214496236652
1213,LINCOLN.NS,LINCOPH.BO,0.9983180914102251,1.1102287029124807e-25
1587,TTKHEALTH.BO,TTKHLTCARE.NS,0.9987024641491027,6.996180245187957e-11
50,ALBERTDA.BO,ALBERTDAVD.NS,0.9991911342324931,1.0706414155314076e-07
527,CAPLIPOINT.NS,CAPPL.BO,0.9998284062322814,1.3938249269328088e-27
